,county,registered_A_a,registered_A_b,registered_A_c,registered_B_a,registered_B_b,registered_B_c,registered_C_a,registered_C_b,registered_C_c,registered_D_a,registered_D_b,registered_D_c,registered_E_a,registered_E_b,registered_E_c,registered_F_a,registered_F_b,registered_F_c,registered_G_a,registered_G_b,registered_G_c
0,APPLING,0.0800629243252194,0.09894022189104157,0.0,0.3375558867362146,0.38234807087266104,0.0003311806590495115,0.0024838549428713363,0.0024838549428713363,0.0,0.009852624606722968,0.010846166583871502,0.0,0.0008279516476237788,0.0004139758238118894,0.0,0.002566650107633714,0.004470938897168405,0.0,0.03551912568306011,0.031048186785891704,0.00024838549428713363
1,ATKINSON,0.08200082000820008,0.1049610496104961,0.0002050020500205002,0.3150881508815088,0.35772857728577284,0.0002050020500205002,0.0004100041000410004,0.0006150061500615006,0.0,0.03464534645346454,0.04223042230422304,0.0004100041000410004,0.0004100041000410004,0.0014350143501435015,0.0,0.003280032800328003,0.0036900369003690036,0.0,0.024600246002460024,0.027470274702747027,0.0006150061500615006
2,BACON,0.048906789413118525,0.08040851553509781,0.00014384349827387802,0.3657940161104718,0.4178653624856157,0.0007192174913693901,0.0011507479861910242,0.0014384349827387803,0.0,0.008342922899884924,0.007623705408515535,0.0,0.00043153049482163404,0.00043153049482163404,0.0,0.002589182968929804,0.0031645569620253164,0.0,0.03380322209436133,0.02704257767548907,0.00014384349827387802
3,BAKER,0.18022747156605423,0.22615923009623798,0.0,0.2515310586176728,0.27165354330708663,0.0,0.0021872265966754157,0.0030621172353455816,0.0,0.003499562554680665,0.006561679790026247,0.0,0.0004374453193350831,0.0004374453193350831,0.0,0.0021872265966754157,0.0030621172353455816,0.0,0.02668416447944007,0.02230971128608924,0.0
4,BALDWIN,0.16886882478161933,0.23423621816046392,0.00018351317624605446,0.2419437715627982,0.27486603538134036,0.0005138368934889525,0.004037289877413198,0.0051750715701387355,0.0,0.003927181971665566,0.004697937311898995,3.6702635249210895e-05,0.0006606474344857961,0.0005505395287381634,3.6702635249210895e-05,0.003119723996182926,0.004404316229905308,0.0,0.02833443441239081,0.0242604418997284,0.00014681054099684358
5,BANKS,0.01134892223322416,0.009216238860537742,0.00015233452662045854,0.4248609947444588,0.440856120039607,0.0007616726331022926,0.004265366745372839,0.004874704851854673,7.616726331022927e-05,0.011729758549775307,0.010968085916673014,0.0,0.001142508949653439,0.0008378398964125218,0.0,0.004493868535303526,0.003732195902201234,0.0,0.03937847513138853,0.03100007616726331,0.0003046690532409171
6,BARROW,0.051604191238056166,0.062116472659521735,0.0001367451241816659,0.3333333333333333,0.36471633933302566,0.000940122728748953,0.01300787993778097,0.013708698699212006,0.00010255884313624942,0.026443088388629642,0.028955780045467755,0.00015383826470437414,0.0010426815718852026,0.0011110541339760353,0.0,0.006427020836538297,0.0077090063757414146,1.7093140522708237e-05,0.04651043536228911,0.04155342461070372,0.0004102353725449977
7,BARTOW,0.04446545621813629,0.05252801451516042,8.944200963418218e-05,0.3628151233660861,0.3929954129026488,0.0008688652364463412,0.0032710220666215197,0.0033476866463079615,2.5554859895480622e-05,0.015882345425041206,0.01644455234274178,0.0,0.0011371912653488877,0.0012010784150875893,0.0,0.0057115111866399195,0.00574984347648314,2.5554859895480622e-05,0.04928254730843438,0.04382658472074927,0.0003322131786412481
8,BEN HILL,0.13907897170334751,0.20491954873312374,0.000369890882189754,0.27076012576289993,0.3121879045681524,0.00046236360273719255,0.0026817088958757166,0.0025892361753282783,0.0,0.007675235805437396,0.00989458109857592,0.0,0.0006473090438320696,0.0006473090438320696,0.0,0.0027741816164231553,0.003976326983539856,0.0,0.019974107638246717,0.020991307564268542,0.000369890882189754
9,BERRIEN,0.0460795547552791,0.055982975937141924,8.18464560484531e-05,0.39540022917007694,0.4274021934850221,0.0009003110165329841,0.0017187755770175152,0.0018006220330659681,0.0,0.007857259780651498,0.008348338516942217,0.0,0.001555082664920609,0.001555082664920609,0.0,0.003928629890325749,0.003355704697986577,8.18464560484531e-05,0.023162547061712228,0.020379767556064823,0.0004092322802422655
10,BIBB,0.22385226095961339,0.28930790472903,0.00048325854332067656,0.1820849154297549,0.20739558163617536,0.00044011045909561614,0.0065239903348291335,0.006196064894718674,5.177770107007249e-05,0.005272695892302382,0.006765619606489472,1.725923369002416e-05,0.0011132205730065585,0.0010700724887814982,8.62961684501208e-06,0.005945806006213324,0.007559544356230584,6.903693476009665e-05,0.028978253365550568,0.026397997928891956,0.0004659993096306524
11,BLECKLEY,0.08403046572605818,0.11774253964290174,0.0,0.3516044449993757,0.3838182045199151,0.000249719066050693,0.0034960669247097015,0.0029966287926083157,0.0,0.0034960669247097015,0.004120364589836434,0.0,0.0007491571981520789,0.00037457859907603946,0.0,0.003121488325633662,0.00424522412286178,0.0,0.01997752528405544,0.019727806218004743,0.000249719066050693
12,BRANTLEY,0.01145456076812937,0.013139054998736629,0.0,0.43274656784300514,0.4741009012044134,0.0007580224037732671,0.0008422471153036301,0.0008422471153036301,0.0,0.0026109660574412533,0.002695190768971616,0.0,0.0014318200960161712,0.0008422471153036301,0.0,0.00252674134591089,0.003621662595805609,0.0,0.030994693843173587,0.02122462730565148,0.000168449423060726
13,BROOKS,0.15456613016095172,0.1941042687193842,0.0,0.2738803358992302,0.29198740377886634,0.0002624212736179146,0.0009622113365990203,0.002186843946815955,0.0,0.0072603219034289715,0.009884534639608117,0.0,0.0006123163051084675,0.001224632610216935,0.0,0.00437368789363191,0.004986004198740378,8.74737578726382e-05,0.026592022393282014,0.027029391182645208,0.0
14,BRYAN,0.059192010894235134,0.07090331366318657,0.00024209411408685126,0.3334543803903768,0.36471478287184145,0.0009078529278256923,0.00699046754425783,0.009018005749735209,6.0523528521712814e-05,0.016038735058253897,0.019155696777122106,6.0523528521712814e-05,0.0018762293841730973,0.0013920411559993947,0.0,0.007716749886518384,0.010046905734604327,6.0523528521712814e-05,0.048630655167196245,0.048751702224239676,0.0007868058707822666
15,BULLOCH,0.10107853120259347,0.13802705679433097,0.00024937137632218784,0.29371791941148356,0.32418278921884414,0.0007688950769934124,0.003865256332993911,0.004447122877745683,0.0,0.006899274744913863,0.007647388873880426,2.0780948026848984e-05,0.0008104569730471104,0.0006442093888323185,2.0780948026848984e-05,0.005361484590927038,0.006712246212672222,2.0780948026848984e-05,0.05631636915276075,0.04883522786309511,0.00037405706448328174
16,BURKE,0.18842298796038195,0.24696044125496708,0.0002965423165885772,0.22531285214400096,0.2404365102900184,0.0006523930964948698,0.0015420200462606013,0.0018385623628491786,0.0,0.004448134748828658,0.004626060138781804,5.930846331771544e-05,0.0011861692663543088,0.0007710100231303007,0.0,0.0037364331890160727,0.00480398552873495,5.930846331771544e-05,0.043117252831979126,0.031552102485024616,0.00017792538995314633
17,BUTTS,0.09912373723279568,0.11826756711503042,0.0002790645755427806,0.3248311659317966,0.3506725456270581,0.0006697549813026734,0.0011162583021711225,0.001841826198582352,0.0,0.006083607746832617,0.005804543171289836,0.0,0.001897639113690908,0.000948819556845454,0.0,0.004911536529552938,0.004130155718033153,5.581291510855612e-05,0.04040855053859463,0.03867835017022939,0.0002790645755427806
18,CALHOUN,0.24134734239802225,0.3322002472187886,0.0006180469715698393,0.1715080346106304,0.188504326328801,0.00030902348578491963,0.0040173053152039555,0.0040173053152039555,0.0,0.0040173053152039555,0.003399258343634116,0.0,0.0,0.0,0.0,0.0021631644004944375,0.0015451174289245982,0.0,0.022867737948084055,0.021940667490729295,0.0015451174289245982
19,CAMDEN,0.06698600218405638,0.08746153082497767,7.445646778516827e-05,0.27829345775836395,0.31673781395810585,0.0003971011615208974,0.004665938647870545,0.006825176213640425,2.481882259505609e-05,0.010250173731758166,0.014270822992157253,4.963764519011218e-05,0.0011913034845626924,0.0013402164201330288,0.0,0.006651444455475032,0.008562493795294352,0.0,0.10059068797776234,0.09527945994242033,0.00034746351633078526
20,CANDLER,0.09504685408299866,0.11899449650453667,0.00014874312063067083,0.3044771679309832,0.3412167187267589,0.0013386880856760374,0.00178491744756805,0.0020824036888293916,0.0,0.010114532202885617,0.01591551390748178,0.00014874312063067083,0.0005949724825226833,0.0004462293618920125,0.0,0.0029748624126134165,0.0022311468094600626,0.0,0.050870147255689425,0.050870147255689425,0.0007437156031533541
21,CARROLL,0.07601598624439436,0.09210679183028557,0.00017426865255477843,0.3348165531984107,0.3649301763598764,0.0007319283407300694,0.002788298440876455,0.0033575760392220645,1.1617910170318563e-05,0.010246996770220973,0.011095104212654227,3.485373051095569e-05,0.0010572298254989893,0.0011037014661802636,1.1617910170318563e-05,0.005727629713967052,0.007737528173432163,5.8089550851592814e-05,0.04447336013197946,0.04323024374375537,0.0002904477542579641
22,CATOOSA,0.010301125418229747,0.010868903984588868,2.0277805941397142e-05,0.38817803913616544,0.4482206225286424,0.0015005576396633885,0.0036905606813342796,0.00383250532292406,2.0277805941397142e-05,0.004603061948697151,0.0060630639764777455,2.0277805941397142e-05,0.0011152793267768428,0.00099361249112846,0.0,0.0035891716516272937,0.003913616546689648,0.0,0.05718341275473994,0.05525702119030721,0.0006286119841833114
23,CHARLTON,0.08125692137320044,0.10534330011074197,0.0,0.31021594684385384,0.35146733111849393,0.0005537098560354374,0.002630121816168328,0.0022148394241417496,0.0,0.0027685492801771874,0.002630121816168328,0.0,0.0011074197120708748,0.0006921373200442968,0.0,0.004014396456256921,0.004568106312292359,0.00013842746400885935,0.07198228128460686,0.05827796234772979,0.00013842746400885935
24,CHATHAM,0.15889152486546876,0.19730803982747955,0.00045845221192064773,0.2338284320489253,0.2593326182072293,0.000703256791101576,0.007922766380764591,0.00897320057506821,4.4509923487441523e-05,0.013446447885556085,0.014790647574876819,7.566686992865059e-05,0.0014154155669006405,0.0012329248806021303,0.0,0.008568160271332493,0.00985004606777081,5.786290053367398e-05,0.04153666059848043,0.04067316808282406,0.0008901984697488305
25,CHATTAHOOCHEE,0.10929965556831228,0.12422502870264064,0.0002296211251435132,0.2555683122847302,0.25510907003444316,0.0004592422502870264,0.008266360505166475,0.011481056257175661,0.0,0.037657864523536165,0.031917336394948335,0.0,0.0006888633754305396,0.0013777267508610792,0.0,0.010103329506314582,0.011940298507462687,0.0,0.08863375430539609,0.05235361653272101,0.0006888633754305396
26,CHATTOOGA,0.02928139691067831,0.03572867696440564,0.0,0.3748824714573539,0.4336467427803895,0.00040295500335795837,0.001343183344526528,0.001880456682337139,0.0,0.005641370047011417,0.0048354600402955,0.0,0.0010745466756212224,0.0008059100067159167,0.0,0.0036937541974479517,0.005238415043653459,0.0,0.05271994627266622,0.048757555406312963,6.71591672263264e-05
27,CHEROKEE,0.026043481554427695,0.03149761381713507,6.565159205110724e-05,0.36765396560866603,0.40215135217029013,0.0006615660429765422,0.006039946468701866,0.0076054844329975,2.0200489861879152e-05,0.018493548468550364,0.021952882357397167,7.070171451657702e-05,0.0008231699618715753,0.0009393227785773805,0.0,0.00713582304370881,0.007666085902583138,3.535085725828851e-05,0.051728404413807036,0.04899628815998788,0.0004191601646339924
28,CLARKE,0.11150689927663972,0.14641055254999696,0.0004255060482645432,0.26561303264239255,0.2961522095921221,0.0013616193544465382,0.008583064859279071,0.01015135858002553,0.00012157315664701233,0.01832107470670476,0.02100784146860373,0.00017020241930581728,0.0007415962555467752,0.0008996413591878913,0.0,0.007926569813385204,0.010139201264360829,7.29438939882074e-05,0.0512430855267157,0.04776609324661115,0.0013859339857759407
29,CLAY,0.2222739981360671,0.32199440820130476,0.0009319664492078285,0.19338303821062441,0.2092264678471575,0.00046598322460391424,0.0009319664492078285,0.0013979496738117428,0.0,0.00046598322460391424,0.0013979496738117428,0.0,0.00046598322460391424,0.0,0.0,0.0009319664492078285,0.0009319664492078285,0.0,0.02516309412861137,0.020037278657968314,0.0
30,CLAYTON,0.3046887987092358,0.3957854593458172,0.0010805260841930278,0.04791962059355596,0.05494059551166088,0.00013689923238644698,0.014599325282354667,0.014105510194103554,0.00016623478218354276,0.020285532684691732,0.02256392705226617,0.00012712071578741506,0.0013005427076712463,0.0011049723756906078,1.9557033198063855e-05,0.011015498948809465,0.014731335256441597,9.289590769080331e-05,0.04470737789077397,0.04942551214980687,0.001202757541680927
31,CLINCH,0.1138101664417454,0.15384615384615385,0.000449842555105713,0.31421502474134055,0.3407557354925776,0.000899685110211426,0.0011246063877642825,0.001799370220422852,0.0,0.0038236617183985606,0.004048582995951417,0.0,0.0011246063877642825,0.0015744489428699954,0.0,0.0020242914979757085,0.0038236617183985606,0.0,0.03171390013495277,0.02496626180836707,0.0
32,COBB,0.1142667993087898,0.14916899947144843,0.000284741588110615,0.2620654798874559,0.28091893229022996,0.0004733828902338974,0.015739091282814244,0.017509828033877132,6.050758747350568e-05,0.0260680923915268,0.030009983751933127,9.076138121025853e-05,0.0010944754793001763,0.001103373653928633,0.0,0.01170821817612335,0.01504681329672031,8.186320658180181e-05,0.03605006468972955,0.03756275437656719,0.0006958372559453153
33,COFFEE,0.1114396887159533,0.15229571984435797,0.0003501945525291829,0.2915953307392996,0.3371984435797665,0.000622568093385214,0.002723735408560311,0.0026848249027237353,0.0,0.017665369649805446,0.018287937743190662,0.00011673151750972762,0.0008171206225680934,0.0007003891050583658,0.0,0.003424124513618677,0.003463035019455253,3.891050583657588e-05,0.029766536964980543,0.026459143968871595,0.0003501945525291829
34,COLQUITT,0.09906897206916207,0.1259737792133764,0.00019000570017100514,0.30419912597377924,0.34280828424852744,0.0007600228006840206,0.002546076382291469,0.002660079802394072,0.0,0.02409272278168345,0.027360820824624738,0.0,0.0008740262207866235,0.0006840205206156185,0.0,0.003952118563556907,0.005738172145164355,3.800114003420103e-05,0.03036291088732662,0.028006840205206156,0.0006840205206156185
35,COLUMBIA,0.0748874258033704,0.09089513543016989,0.00026437879511496216,0.3144231425257556,0.34481817561574674,0.0006566828136726479,0.01425086989151941,0.018028928157194514,8.528348229514908e-05,0.015854199358668213,0.01895851811421164,3.411339291805963e-05,0.0012451388415091766,0.001381592413181415,0.0,0.009219144436105615,0.012135839530599714,2.558504468854472e-05,0.04144777239544245,0.040876373064064955,0.0005117008937708944
36,COOK,0.11324918351134257,0.15473563421308148,8.826904404625298e-05,0.3243887368699797,0.34866272398269926,8.826904404625298e-05,0.0022949951452025776,0.0026480713213875894,0.0,0.008826904404625299,0.009797863889134081,0.0,0.0004413452202312649,0.0005296142642775179,0.0,0.0035307617618501193,0.0037072998499426252,0.0,0.01509400653190926,0.011916320946244152,0.0
37,COWETA,0.06186665686697842,0.08518379009067774,0.0002572418164947128,0.32233318327560706,0.35410254761270404,0.0010014056427829889,0.005043777044842761,0.006623976774738854,1.8374415463908055e-05,0.011640192196385752,0.015122143926796328,7.349766185563222e-05,0.0007074149953604601,0.0006339173335048279,0.0,0.005843064117522762,0.006669912813398624,6.43104541236782e-05,0.062748628809246,0.059459608441206464,0.0006063557103089658
38,CRAWFORD,0.08604185218165628,0.10017809439002671,0.0004452359750667854,0.35908281389136243,0.3714381121994657,0.0002226179875333927,0.0011130899376669634,0.0017809439002671415,0.0,0.004007123775601068,0.005565449688334817,0.0,0.001558325912733749,0.0011130899376669634,0.0,0.004341050756901158,0.004897595725734639,0.0,0.0335040071237756,0.0243766696349065,0.00033392698130008905
39,CRISP,0.1632420091324201,0.2443683409436834,0.000532724505327245,0.2450532724505327,0.2836377473363775,0.00030441400304414006,0.0033485540334855404,0.0030441400304414,0.0,0.0033485540334855404,0.0045662100456621,0.0,0.0006849315068493151,0.00045662100456621003,0.0,0.003424657534246575,0.0035768645357686455,0.0,0.02009132420091324,0.01933028919330289,0.0009893455098934551
40,DADE,0.0028114017961733697,0.0018742678641155799,0.0,0.45997657165169853,0.412026552128075,0.0007809449433814916,0.001952362358453729,0.002577118313158922,0.0,0.0040609137055837565,0.0040609137055837565,7.809449433814917e-05,0.0015618898867629833,0.0010152284263959391,0.0,0.001952362358453729,0.0021866458414681765,0.00015618898867629833,0.058024209293244824,0.04467005076142132,0.00023428348301444748
41,DAWSON,0.0038666666666666667,0.0021333333333333334,0.0,0.43048888888888887,0.45222222222222225,0.0004,0.0028444444444444446,0.0033777777777777777,0.0,0.008444444444444444,0.00968888888888889,0.0,0.0011111111111111111,0.0014222222222222223,0.0,0.004311111111111111,0.0036,0.0,0.03924444444444444,0.0364,0.00044444444444444447
42,DECATUR,0.15087040618955513,0.2200477870064854,0.00022755717373990216,0.25452269882808054,0.2946296506997383,0.00039822505404482877,0.0017635680964842417,0.0022755717373990213,5.688929343497554e-05,0.0073956081465468195,0.009784958470815792,5.688929343497554e-05,0.0005120036409147798,0.001479121629309364,0.0,0.003072021845488679,0.0029013539651837525,0.0,0.027477528729093186,0.02167482079872568,0.000853339401524633
43,DEKALB,0.22497611126223208,0.2813971249816911,0.0001342651684766309,0.1489454081312381,0.16503456020310658,0.0001307777615032119,0.014788349270783202,0.017037726768638448,2.2668145327223397e-05,0.012760422115740062,0.014755218904535721,1.0462220920256953e-05,0.0010863272722200135,0.0010741213478130472,0.0,0.012858069510995794,0.016275728344946398,3.487406973418984e-05,0.04424298856827994,0.044239501161306524,0.0001952947905114631
44,DODGE,0.10464339402037748,0.14782027726741273,0.0,0.32687489560714883,0.3555202939702689,0.00033405712376816435,0.0013362284950726574,0.002004342742608986,0.0,0.0031735426757975613,0.0032570569567396024,0.0,0.0005010856856522465,0.00041757140471020544,0.0,0.002672456990145315,0.0029229998329714383,0.0,0.02522131284449641,0.023133455820945382,0.00016702856188408218
45,DOOLY,0.19784980744544287,0.27102053915276,0.00016046213093709883,0.2227214377406932,0.24502567394094993,0.0,0.0017650834403080873,0.0016046213093709885,0.0,0.007060333761232349,0.010109114249037227,0.0,0.0,0.0009627727856225931,0.0,0.003048780487804878,0.002406931964056483,0.0,0.018613607188703467,0.017329910141206675,0.00032092426187419767
46,DOUGHERTY,0.27086684539767647,0.3672773309502532,0.006181114089961275,0.1176496872207328,0.13549299970211498,0.0006851355376824546,0.00235329162943104,0.002412868632707775,1.4894250819183795e-05,0.004483169496574322,0.004155495978552279,7.447125409591897e-05,0.0007893952934167411,0.0006106642835865356,1.4894250819183795e-05,0.004408698242478404,0.005123622281799226,0.00013404825737265417,0.039991063449508486,0.03534405719392315,0.0019362526064938934
47,DOUGLAS,0.1945428773919206,0.2549330448729904,0.0007833190346525421,0.1793520832556231,0.1976854787571338,0.00040098474392927746,0.004793166473945317,0.005818941400276027,2.797567980901936e-05,0.017895109851169384,0.020907158043940468,5.595135961803872e-05,0.0013055317244209034,0.0012309299115968518,0.0,0.009651609534111679,0.013204520869857137,6.527658622104517e-05,0.04605729419224887,0.050580029094707005,0.0007087172218284905
48,EARLY,0.20007739938080496,0.28276573787409703,0.0007739938080495357,0.22445820433436534,0.24406604747162022,0.00025799793601651185,0.0012899896800825593,0.001676986584107327,0.0,0.0015479876160990713,0.0020639834881320948,0.0,0.0003869969040247678,0.0007739938080495357,0.0,0.0012899896800825593,0.0025799793601651187,0.0,0.01934984520123839,0.016511867905056758,0.00012899896800825592
49,ECHOLS,0.019230769230769232,0.02666083916083916,0.0,0.38461538461538464,0.42701048951048953,0.00043706293706293706,0.0013111888111888112,0.0013111888111888112,0.0,0.04020979020979021,0.03715034965034965,0.0,0.0034965034965034965,0.0026223776223776225,0.0,0.005681818181818182,0.0034965034965034965,0.0,0.02666083916083916,0.019667832167832168,0.00043706293706293706
50,EFFINGHAM,0.05484227531672477,0.0668523084771703,0.00014879687101436952,0.3584941756653346,0.3783054162061049,0.0008927812260862172,0.0027421137658362386,0.004081285604965564,4.2513391718391296e-05,0.010373267579287476,0.01103222515092254,8.502678343678259e-05,0.001509225406002891,0.001381685230847717,0.0,0.005122863702066151,0.005590511010968455,4.2513391718391296e-05,0.0483589830796701,0.04950684465606666,0.0005951874840574781
51,ELBERT,0.10445918839685234,0.1490510723653757,0.00015429717636167257,0.31067736460422773,0.3534948310445919,0.00030859435272334514,0.0025459034099675976,0.003008794939052615,7.714858818083629e-05,0.005554698349020213,0.005940441289924395,0.0,0.00023144576454250888,0.0010029316463508718,0.0,0.0033173892917759606,0.004320320938126832,0.00015429717636167257,0.029470760685079464,0.024918993982410122,0.001311525999074217
52,EMANUEL,0.11710481392966883,0.17207237965175828,0.00027313076135199724,0.27920792079207923,0.3196312734721748,0.0004096961420279959,0.001502219187435985,0.001707067258449983,0.0,0.0039603960396039604,0.004916353704335951,0.0,0.00047797883236599524,0.0005462615227039945,0.0,0.0027313076135199728,0.0031410037555479687,0.0,0.04950495049504951,0.042608398770911576,0.00020484807101399795
53,EVANS,0.10634010230971942,0.15656487366299798,0.0001550147263990079,0.2875523174701597,0.3241357929003255,0.0004650441791970237,0.002170206169586111,0.0032553092543791662,0.0,0.010851030847930553,0.012401178111920633,0.0,0.0004650441791970237,0.0007750736319950396,0.0,0.004650441791970238,0.004960471244768253,0.0,0.04665943264610138,0.03844365214695396,0.0001550147263990079
54,FANNIN,0.001333968556455455,0.0012863268222963317,0.0,0.4412101000476417,0.4804668889947594,0.0007146260123868509,0.0009528346831824678,0.002286803239637923,0.0,0.003620771796093378,0.004430681276798475,0.0,0.0014768937589328252,0.0017627441638875655,4.7641734159123394e-05,0.0033349213911386373,0.0027632205812291566,9.528346831824679e-05,0.027632205812291567,0.026345878989995235,0.00023820867079561695
55,FAYETTE,0.10076012020505569,0.12251349187368071,0.000457527893603968,0.2820971414905011,0.30656448543709514,0.0009566492320810241,0.011209433393297216,0.013642649918372864,0.000114381973400992,0.013517869583753601,0.016803751728727553,6.2390167309632e-05,0.0008630639811165761,0.0008630639811165761,1.0398361218272e-05,0.008557851282637856,0.009899239879794944,3.1195083654816e-05,0.05344757666191808,0.0569310276700392,0.0006966902016242241
56,FLOYD,0.051723861063382205,0.0731135484078172,9.634994299295039e-05,0.3432948468838823,0.3956610409005508,0.0005459830102933856,0.004159105872529025,0.005186838597787163,4.8174971496475195e-05,0.013408700399852263,0.015271465964382638,4.8174971496475195e-05,0.0007707995439436031,0.0006583912771184944,0.0,0.0035328312430748477,0.0042554558155219755,3.21166476643168e-05,0.04576622292165144,0.042185216707080114,0.00024087485748237598
57,FORSYTH,0.015356455734694713,0.01801137991731139,0.00011695701245007397,0.30539230305901066,0.3351695584287995,0.001415179850645895,0.035882411419682694,0.03807535540312158,0.00025730542739016275,0.01708741951895581,0.019625386689122414,8.771775933755548e-05,0.0009590475020906066,0.0012105050788582656,1.1695701245007397e-05,0.008970602854920674,0.009672344929621117,7.602205809254809e-05,0.09648953527131103,0.09427319988538213,0.0018596164979561762
58,FRANKLIN,0.028596623834719073,0.03772990677752582,0.0,0.40381708238851094,0.43417737465356515,0.0003149407911312673,0.003401360544217687,0.0034643487024439406,0.0,0.005668934240362812,0.004787100025195263,6.298815822625347e-05,0.0013227513227513227,0.0003149407911312673,0.0,0.002834467120181406,0.003842277651801461,6.298815822625347e-05,0.038107835726883345,0.03143109095490048,6.298815822625347e-05
59,FULTON,0.18917357690702594,0.22526401165683083,0.0008334728349157921,0.18752903008282856,0.19440311791931228,0.0008322939483034643,0.017057310393771705,0.01825388030528448,0.00017919076507383366,0.012950069436421466,0.014655918364459869,8.487983608760542e-05,0.00104331465191015,0.0009195315576157254,5.894433061639265e-06,0.01105441976379828,0.01315637459357884,0.00020394738393271857,0.054907822855782086,0.05567056249395821,0.001821379816046533
60,GILMER,0.0019564477713507997,0.0016161959850289215,0.0,0.4360326641714869,0.460871044572984,0.0011058183055461042,0.0014035386185777476,0.0022966995576726777,0.0,0.01237665872745832,0.013397414086423953,0.0,0.0010632868322558693,0.0010632868322558693,0.0,0.0038703640694113645,0.0038278325961211297,8.506294658046955e-05,0.030707723715549508,0.028113303844845186,0.00021265736645117387
61,GLASCOCK,0.025653206650831355,0.036104513064133016,0.0,0.4142517814726841,0.469833729216152,0.00047505938242280285,0.0009501187648456057,0.0014251781472684087,0.0,0.0009501187648456057,0.00047505938242280285,0.0,0.0,0.00047505938242280285,0.0,0.0014251781472684087,0.0023752969121140144,0.0,0.025653206650831355,0.019952494061757718,0.0
62,GLYNN,0.08898788256579447,0.11971477658005565,0.00030407614066562267,0.3049427576665197,0.35581469599987836,0.0010034512641965549,0.004682772566250589,0.005534185760114332,1.5203807033281133e-05,0.01006492025603211,0.011326836239794445,3.0407614066562266e-05,0.0010642664923296793,0.0010794702993629605,0.0,0.005564593374180895,0.006461617989144482,1.5203807033281133e-05,0.04139996655162453,0.04146078177975765,0.0005321332461648397
63,GORDON,0.018821757952192736,0.01911752843429862,0.0,0.38538893818396924,0.42666236455056333,0.0004033233846898443,0.003683686913500578,0.00424833965206636,2.6888225645989623e-05,0.025032938076416336,0.03062568901078218,5.3776451291979245e-05,0.0011830819284235432,0.0011830819284235432,0.0,0.004409669005942298,0.005081874647092038,0.0,0.040278562017692456,0.03361028205748703,0.00018821757952192734
64,GRADY,0.11516605632024246,0.15816390958454352,0.0003156964263164541,0.29347139790377574,0.34158353327440333,0.0005682535673696173,0.0015784821315822704,0.0017678999873721429,0.0,0.009723449930546786,0.009660310645283495,0.0,0.0010102285642126531,0.001073367849475944,0.0,0.003598939260007577,0.004861724965273393,0.00012627857052658164,0.029422906932693522,0.02771814623058467,0.00018941785578987247
65,GREENE,0.11291081389878352,0.15236238994556087,0.0001344176355937899,0.31198333221318636,0.3354392096243027,0.0006048793601720546,0.002688352711875798,0.0035620673432354326,6.720881779689495e-05,0.0066536729618926005,0.006452046508501915,0.0,0.0002688352711875798,0.00047046172457826466,0.0,0.003024396800860273,0.0032260232542509577,6.720881779689495e-05,0.02984071510182136,0.02970629746622757,0.0005376705423751596
66,GWINNETT,0.12386251172833952,0.15453934938241456,0.0009479068930503965,0.1915173579424958,0.20566848322044137,0.0008740022878295182,0.04549953086641903,0.04771988226675064,0.00045306736244103696,0.04254977314499441,0.04883166458876907,0.0003727362698096474,0.0012065730113234709,0.001158374355744637,8.033109263138953e-06,0.014739148876007352,0.017439880210274667,0.0001863681349048237,0.04882523810135856,0.05172519054535172,0.0018749277020166316
67,HABERSHAM,0.010462573591253153,0.011169049621530699,3.3641715727502105e-05,0.39814970563498736,0.4418839360807401,0.0005046257359125315,0.006862910008410429,0.006896551724137931,0.0,0.02176619007569386,0.01951219512195122,0.00010092514718250631,0.00063919259882254,0.0008410428931875525,0.0,0.0037678721614802357,0.004205214465937763,0.0,0.03811606391925988,0.03468460891505467,0.00040370058873002523
68,HALL,0.03105727359137028,0.03718030902539844,0.0001252606526816832,0.3270997737939978,0.36103067412335965,0.0011715555162580959,0.006204086444586898,0.007088279287045838,8.10510105587362e-05,0.04862323806155456,0.05063477677814865,0.0003389405896092604,0.0008473514740231511,0.000803141831900204,0.0,0.005975669960285005,0.006373556739391528,2.2104821061473507e-05,0.060832467561175094,0.05396523648474399,0.0005452522528496799
69,HANCOCK,0.30414971521562245,0.3659886086248983,0.00048820179007323027,0.13441822620016272,0.12953620829943044,0.00032546786004882016,0.0011391375101708705,0.0008136696501220504,0.0,0.001790073230268511,0.0008136696501220504,0.0,0.00048820179007323027,0.00032546786004882016,0.0,0.0029292107404393815,0.003417412530512612,0.0,0.027664768104149716,0.025549227013832384,0.00016273393002441008
70,HARALSON,0.01922631457030345,0.02019921241602965,4.63284688441047e-05,0.4207088255733148,0.45953208246467453,0.0009728978457261987,0.0022237665045170257,0.002965022006022701,0.0,0.0028260365994903867,0.002687051192958073,0.0,0.0010192263145703034,0.0012045401899467222,0.0,0.003381978225619643,0.003104007412555015,4.63284688441047e-05,0.03219828584665277,0.02747278202455409,0.0001853138753764188
71,HARRIS,0.06754701583886642,0.07678326347416448,0.00018546681998590452,0.3637746207203531,0.3876256537705404,0.0005193070959605327,0.003041655847768834,0.005415631143588412,3.7093363997180906e-05,0.008568567083348789,0.009718461367261398,3.7093363997180906e-05,0.0009644274639267035,0.000778960643940799,0.0,0.006194591787529211,0.006009124967543306,0.0,0.03241960013353611,0.030082718201713713,0.00029674691197744725
72,HART,0.061735323829835,0.08384779436524863,0.00011224604332697273,0.3654731170726232,0.4059378156919969,0.001066337411606241,0.004040857559771018,0.004489841733078909,0.0,0.003816365473117073,0.004265349646424964,0.0,0.0004489841733078909,0.0005612302166348636,0.0,0.00308676619149175,0.002918397126501291,0.0,0.029015602200022448,0.028903356156695478,0.0002806151083174318
73,HEARD,0.0405372104484968,0.04706752094627895,0.0,0.4004435682602267,0.4318629866929522,0.0009857072449482504,0.0014785608674223755,0.002587481517989157,0.0,0.0034499753573188764,0.002957121734844751,0.0001232134056185313,0.0009857072449482504,0.0014785608674223755,0.0,0.005174963035978314,0.005174963035978314,0.0,0.032528339083292265,0.023040906850665354,0.0001232134056185313
74,HENRY,0.19230451610061716,0.251427281586003,0.000478972026932542,0.18037976425767593,0.19586652646182814,0.0003633580893971008,0.009491353729100028,0.010983324065866912,7.707595835696078e-05,0.01478757315334262,0.01789813861560568,7.157053276003502e-05,0.0010185037354312676,0.0008037921371511625,0.0,0.014897681665281135,0.017942182020381087,6.606510716310925e-05,0.04267805922736857,0.04798528950280501,0.000478972026932542
75,HOUSTON,0.12818792531084178,0.17096951267328286,0.0007057654941665432,0.2670494645766714,0.2905749810488895,0.0006621997229216949,0.00951476443987488,0.01186731608709669,8.71315424896967e-05,0.011161550592930147,0.014812362223248438,6.0992079742787685e-05,0.0009323075046397546,0.001106570589619148,3.4852616995878675e-05,0.007763420435831976,0.009628035445111484,8.71315424896967e-05,0.03845114970070315,0.035532243027298314,0.0008103233451541793
76,IRWIN,0.09774436090225563,0.1343784994400896,0.0,0.3484242521196608,0.3665013597824348,0.00031994880819068947,0.0017597184450487923,0.0022396416573348264,0.0,0.004959206526955687,0.005439129739241722,0.0,0.00031994880819068947,0.0011198208286674132,0.0,0.001919692849144137,0.0015997440409534474,0.0,0.019356902895536713,0.013597824348104304,0.00031994880819068947
77,JACKSON,0.02918201915991157,0.03220338983050847,9.211495946941784e-05,0.380066322770818,0.411551215917465,0.0007921886514369934,0.007148120854826824,0.007406042741341194,3.6845983787767136e-05,0.016285924834193072,0.018515106853352985,3.6845983787767136e-05,0.000681650700073692,0.0006263817243920412,0.0,0.005397936624907885,0.005600589535740604,1.8422991893883568e-05,0.04412306558585114,0.039867354458364035,0.00036845983787767134
78,JASPER,0.07872261418492388,0.094225770516153,0.0,0.3803379131080579,0.39630523579650945,0.0003713330857779428,0.0012068325287783142,0.0013924990716672856,0.0,0.0063126624582250275,0.005941329372447085,0.0,0.0007426661715558856,0.0005569996286669142,0.0,0.002877831414779057,0.0021351652432231713,0.0,0.014667656888228742,0.014203490531006313,0.0
79,JEFF DAVIS,0.06783418310795833,0.083019286189315,0.0,0.35446685878962536,0.4017956107293283,0.0008867213478164486,0.0015517623586787852,0.0015517623586787852,0.0,0.013189980048769675,0.017401906450897807,0.0,0.0004433606739082243,0.0006650410108623365,0.0,0.0032143648858346265,0.003436045222788739,0.0,0.02604743959210818,0.024384837064952338,0.00011084016847705608
80,JEFFERSON,0.21296215745976513,0.2878642888212266,0.0008699434536755111,0.1969551979121357,0.2117442366246194,0.0002609830361026533,0.0010439321444106133,0.00156589821661592,0.0,0.0020008699434536756,0.0020008699434536756,0.0,0.0006089604175728578,0.0006089604175728578,0.0,0.002261852979556329,0.0039147455415398,8.699434536755111e-05,0.03827751196172249,0.03662461939973902,0.00034797738147020446
81,JENKINS,0.15166759828582074,0.20067076579094467,0.0001863238308179616,0.26476616359232347,0.28861561393702256,0.0007452953232718465,0.0011179429849077697,0.0011179429849077697,0.0003726476616359232,0.002608533631451463,0.0022358859698155395,0.0,0.0005589714924538849,0.0005589714924538849,0.0,0.0011179429849077697,0.002608533631451463,0.0,0.047512576858580215,0.03335196571641513,0.0001863238308179616
82,JOHNSON,0.12910591955032497,0.16669594238538557,0.0,0.30967855260846655,0.3490251185666608,0.0005269629369401019,0.0021078517477604074,0.001229580186193571,0.0,0.001229580186193571,0.0015808888108203056,0.0,0.0003513086246267346,0.0001756543123133673,0.0,0.001756543123133673,0.0003513086246267346,0.0,0.019321974354470403,0.01686281398208326,0.0
83,JONES,0.10737454684220568,0.13356229727151306,4.770082045411181e-05,0.33557527189467656,0.36801182980347263,0.0003339057431787827,0.0016695287158939134,0.0029574508681549324,0.0,0.003005151688609044,0.003816065636328945,0.0,0.0009063155886281244,0.0008109139477199007,0.0,0.004006868918145392,0.004102270559053616,0.0,0.019891242129364627,0.013880938752146537,4.770082045411181e-05
84,LAMAR,0.09981124952812383,0.1272933182332956,0.0,0.32902982257455643,0.35454888637221593,0.00030200075500188753,0.0014345035862589656,0.0020385050962627408,0.0,0.003775009437523594,0.004983012457531144,0.0,0.0011325028312570782,0.0011325028312570782,0.0,0.004454511136277841,0.004681011702529257,0.0,0.0338240845602114,0.031483578708946774,7.550018875047188e-05
85,LANIER,0.09521538706088062,0.10904466698458115,0.0,0.32077571133365124,0.37672865999046257,0.00031791448100460976,0.002384358607534573,0.004450802734064537,0.0,0.010014306151645207,0.011603878556668256,0.0,0.0019074868860276585,0.0020664441265299633,0.0,0.004609759974566842,0.006835161341599109,0.0,0.02877126053091718,0.024956286758861867,0.00031791448100460976
86,LAURENS,0.14328446616318674,0.19505405005182883,0.00035539760106619283,0.27543314082629944,0.30863320005923295,0.00038501406782170884,0.003139345476084703,0.003524359543906412,5.923293351103213e-05,0.004324004146305346,0.004709018214127054,0.0,0.0007107952021323857,0.0009773434029320303,2.9616466755516066e-05,0.00414630534577225,0.0050051828816822155,0.0,0.027306382348585814,0.02274544646823634,0.00017769880053309641
87,LEE,0.08229170935617393,0.10774148600467194,0.0004508011966722675,0.33535510839719684,0.3661325355518216,0.0012294578091061842,0.006925945657964837,0.007458710708577517,8.196385394041228e-05,0.005491578214007623,0.006802999877054219,8.196385394041228e-05,0.0011474939551657719,0.0008196385394041227,0.0,0.004467030039752469,0.003524445719437728,4.098192697020614e-05,0.03639195114954305,0.03278554157616491,0.0007786566124339166
88,LIBERTY,0.18464685356756105,0.2365299001323547,0.0005775478281795211,0.1605823607267477,0.17810131151485983,0.00021658043556732043,0.007700637709060282,0.010973408735410901,0.0,0.029527132715678018,0.03532667549031404,2.406449284081338e-05,0.0010347731921549754,0.0018770304415834437,0.0,0.009914571050415112,0.014703405125736976,2.406449284081338e-05,0.06812657923234268,0.059824329202262064,0.00028877391408976057
89,LINCOLN,0.11489760825386901,0.1456932937314366,0.0,0.31999374706893857,0.3350007816163827,0.0003126465530717524,0.0006252931061435048,0.0018758793184305144,0.0,0.002344849148038143,0.002188525871502267,0.0,0.0010942629357511334,0.0010942629357511334,0.0,0.003439112083789276,0.0028138189776457712,0.0001563232765358762,0.03642332343285915,0.03188994841331874,0.0001563232765358762
90,LONG,0.11297389979043627,0.1351686035435321,0.00019051247856734617,0.25452467136597445,0.2851971804153172,0.0004762811964183654,0.004572299485616308,0.007811011621261192,9.525623928367309e-05,0.02562392836730806,0.029243665460087637,0.0,0.0014288435892550963,0.0018098685463897885,0.0,0.009430367689083634,0.011621261192608116,0.00019051247856734617,0.06258334920937321,0.056391693655934466,0.0006667936749857116
91,LOWNDES,0.1462375019789802,0.19262479753510406,0.00026792347131392104,0.2608965693617332,0.29192697867572737,0.0005114902634174857,0.005443717803514669,0.007136507008634442,3.653501881553469e-05,0.011642492662550389,0.014175587300427459,4.871335842071292e-05,0.0016075408278835265,0.0015953624882783482,2.435667921035646e-05,0.01203219952991609,0.013907663829113539,3.653501881553469e-05,0.020337827140647646,0.01898603144447286,0.0005236686030226638
92,LUMPKIN,0.004663816556548776,0.003756963337219847,0.0,0.42410502223949564,0.45558578399619987,0.0004318348663471089,0.0018137064386578572,0.002634192684717364,0.0,0.008507146867038044,0.008377596407133913,0.0,0.002634192684717364,0.001986440385196701,0.0,0.004534266096644643,0.004966100962991752,0.0,0.04210389946884312,0.03359675260180507,0.0003022844064429762
93,MACON,0.2598595353862777,0.32901134521880065,0.0002701242571582928,0.1690977849810913,0.17423014586709887,0.0002701242571582928,0.006077795786061589,0.0037817396002160996,0.0,0.004862236628849271,0.00715829281469476,0.0,0.0004051863857374392,0.0001350621285791464,0.0,0.0025661804430037816,0.002971366828741221,0.0,0.02188006482982172,0.01728795245813074,0.0001350621285791464
94,MADISON,0.04020100502512563,0.04513307277126372,9.305788200260562e-05,0.3805136795086544,0.41671319560766795,0.001209752466033873,0.0046063651591289785,0.0056765308021589425,9.305788200260562e-05,0.008235622557230598,0.010050251256281407,0.0,0.0011632235250325703,0.0010701656430299647,0.0,0.0041876046901172526,0.004327191513121161,4.652894100130281e-05,0.04024753396612693,0.035873813512004464,0.0005583472920156337
95,MARION,0.13629283489096572,0.16433021806853582,0.0,0.2967289719626168,0.3226246105919003,0.0009735202492211838,0.004283489096573208,0.004867601246105919,0.0,0.009929906542056074,0.00895638629283489,0.0,0.000778816199376947,0.0013629283489096573,0.0,0.0029205607476635513,0.0050623052959501555,0.0,0.0227803738317757,0.01791277258566978,0.00019470404984423675
96,MCDUFFIE,0.16455616056730404,0.22160314043307586,0.0,0.2749778396859567,0.31043434215524884,0.0,0.0015828795745219703,0.0020260858553881223,0.0,0.00424211725971888,0.005381790553374699,0.0,0.0006331518298087882,0.0008864125617323034,0.0,0.001962770672407243,0.002342661770292516,0.0,0.004875269089527669,0.004495377991642396,0.0
97,MCINTOSH,0.12870789341377575,0.15123177476118652,0.0,0.31231774761186526,0.33283056812468576,0.00030165912518853697,0.001608848667672197,0.0017094017094017094,0.0,0.0036199095022624436,0.00522875816993464,0.0,0.0005027652086475615,0.0011060834590246355,0.0,0.003821015585721468,0.005027652086475616,0.0,0.03046757164404223,0.021417797888386124,0.00010055304172951231
98,MERIWETHER,0.1489587230327971,0.19497443571517645,0.00018705574261129816,0.2738496071829405,0.2933034044145155,0.0003741114852225963,0.001059982541464023,0.0014340940266866192,0.0,0.002556428482354408,0.003678762938022197,0.0,0.0008729267988527247,0.0009352787130564908,6.235191420376606e-05,0.003367003367003367,0.004239930165856092,6.235191420376606e-05,0.03753585235066716,0.03236064347175458,0.00018705574261129816
99,MILLER,0.11158798283261803,0.15116833571769195,0.0,0.3299952312827849,0.3648068669527897,0.0,0.0004768717215069146,0.0009537434430138292,0.0,0.0026227944682880307,0.004291845493562232,0.0,0.0002384358607534573,0.001430615164520744,0.0,0.0016690510252742013,0.001430615164520744,0.0002384358607534573,0.017167381974248927,0.011921793037672867,0.0
100,MITCHELL,0.1803543805371959,0.24377724651947685,0.00042188159189987344,0.23217550274223034,0.25544930389537335,0.0004921951905498523,0.001476585571649557,0.002039094360849388,0.0,0.006187596681198144,0.005836028687948249,0.0,0.00042188159189987344,0.0009843903810997047,0.0,0.002882857544649135,0.0028125439459991564,0.0,0.03332864576009,0.03079735620869076,0.0005625087891998312
101,MONROE,0.08815337480271099,0.10570049206201838,0.00046420945130442855,0.347692879027017,0.3679324111038901,0.0007427351220870857,0.0029709404883483427,0.0032958871042614427,4.6420945130442855e-05,0.004409989787392071,0.0037136756104354284,0.0,0.0007891560672175286,0.0013462074087828427,0.0,0.004502831677652957,0.005152724909479157,4.6420945130442855e-05,0.033562343329310185,0.028966669761396342,0.0005106303964348715
102,MONTGOMERY,0.10047343503419252,0.11748202700333157,0.0001753463089601964,0.33070313869893037,0.3685779414343328,0.0005260389268805891,0.000876731544800982,0.0014027704716815712,0.0,0.009118008065930211,0.009994739610731194,0.0,0.0005260389268805891,0.0003506926179203928,0.0,0.0021041557075223566,0.0033315798702437316,0.0,0.029808872523233387,0.0243731369454673,0.0001753463089601964
103,MORGAN,0.081874389847055,0.10471851610803774,0.00026033192320208264,0.35750081353726,0.39127888057273025,0.00045558086560364467,0.0018874064432150993,0.0026033192320208264,0.0,0.004490725675235925,0.0048812235600390495,0.0,0.0005206638464041653,0.000585746827204686,0.0,0.0024080702896192648,0.0029938171168239504,0.0,0.02336479010738692,0.020045558086560365,0.00013016596160104132
104,MURRAY,0.003233217050965711,0.0025950821066961626,0.0,0.4041095890410959,0.446311580022122,0.0005105079554156385,0.0009359312515953373,0.001403896877393006,0.0,0.026588956011231176,0.02854590317365779,0.00012762698885390963,0.0008083042627414277,0.0006806772738875181,0.0,0.0035310133582915,0.00357355568790947,0.0,0.04113843274057687,0.035778099208712666,0.00012762698885390963
105,MUSCOGEE,0.19371587856379444,0.26390854732950114,0.0004982812906207574,0.1808544440913949,0.2169690054594298,0.0005560530344608452,0.007828071290331898,0.009626216817354632,6.49932118200988e-05,0.014544036511742107,0.01684768479736561,7.943614778012074e-05,0.0008954620295213611,0.0010182269851815478,2.166440394003293e-05,0.008687425979953206,0.011965972442878189,5.0550275860076836e-05,0.03485080447153297,0.03625899072763512,0.0007582541379011525
106,NEWTON,0.18655582800071766,0.2580228455235931,4.784402846719694e-05,0.1983134979965313,0.22169726690987382,9.568805693439388e-05,0.0025596555229950363,0.003456731056754979,2.392201423359847e-05,0.009461156629388194,0.011972968123916034,1.1961007116799235e-05,0.0008970755337599426,0.0008970755337599426,0.0,0.006686202978290772,0.009209975479935411,1.1961007116799235e-05,0.046827342862269,0.04316727468452844,8.372704981759464e-05
107,OCONEE,0.01779100319731552,0.02288771407768527,9.496976795720029e-05,0.39535914400582484,0.4311627465256893,0.0007914147329766691,0.012156130298521637,0.013865586121751242,3.165658931906676e-05,0.010130108582101364,0.010383361296653898,9.496976795720029e-05,0.0005065054291050682,0.0005698186077432017,0.0,0.005096710880369749,0.004716831808540948,6.331317863813352e-05,0.03862103896926145,0.035075500965525974,0.0006014751970622685
108,OGLETHORPE,0.06575984145572471,0.0775605801279164,0.0,0.3653724889649581,0.387802900639582,0.0009909017205657147,0.0012611476443563643,0.0018016394919376632,0.0,0.009098279434285199,0.008197459688316368,9.008197459688316e-05,0.0008107377713719485,0.0004504098729844158,0.0,0.004504098729844158,0.0048644266282316904,9.008197459688316e-05,0.03765426538149716,0.033150166651653004,0.000540491847581299
109,PAULDING,0.08576518218623481,0.10750607287449393,0.00025101214574898786,0.31791902834008096,0.34433198380566804,0.0005991902834008098,0.0033279352226720646,0.004558704453441295,1.6194331983805668e-05,0.01637246963562753,0.018801619433198382,5.668016194331984e-05,0.0011497975708502023,0.0011093117408906882,8.097165991902834e-06,0.007927125506072875,0.009578947368421053,1.6194331983805668e-05,0.04006477732793522,0.04025910931174089,0.0003805668016194332
110,PEACH,0.18152701725384854,0.22419671453662568,0.0002582911457795227,0.23421841099287116,0.2542618039053621,0.0008265316664944726,0.0022729620828597996,0.003564417811757413,0.0,0.014309329476185557,0.016065709267486312,0.0,0.0009298481248062817,0.0007232152081826635,0.0,0.005269139373902262,0.005630746977993595,0.0,0.02836036780659159,0.027120570306849882,0.00046492406240314084
111,PICKENS,0.0040424663127807264,0.004246631278072683,0.0,0.4263781135157207,0.4628828093099224,0.0,0.0018374846876276032,0.0021641486320947327,0.0,0.0043282972641894655,0.006124948958758677,0.0,0.0007758268681094324,0.0008166598611678236,0.0,0.00208248264597795,0.002654144548795427,0.0,0.04565128623928134,0.03601469987750102,0.0
112,PIERCE,0.033854166666666664,0.04258578431372549,0.00015318627450980392,0.38756127450980393,0.4335171568627451,0.0012254901960784314,0.0013020833333333333,0.002144607843137255,7.659313725490196e-05,0.003676470588235294,0.005284926470588236,0.0,0.0009191176470588235,0.0008425245098039216,7.659313725490196e-05,0.0027573529411764708,0.0023743872549019606,0.0,0.04051776960784314,0.04021139705882353,0.0009191176470588235
113,PIKE,0.03925983254766763,0.042074157461478925,0.0,0.4025891789207064,0.4357278547808344,0.0007035812284528249,0.0009850137198339549,0.002110743685358475,0.0,0.0025328924224301695,0.003728980510799972,0.0,0.0008442974741433898,0.00035179061422641245,0.0,0.0030957574051924293,0.0029550411595018647,0.0,0.0345458383170337,0.02828396538380356,0.00021107436853584746
114,POLK,0.0450888827846015,0.06365027665502491,0.00011772554251854177,0.3706392496958757,0.4136483145626496,0.0009810461876545147,0.0012164972726915982,0.002119059765333752,0.0,0.013499195542126124,0.014166306949731193,7.848369501236118e-05,0.00039241847506180593,0.0005101440175803477,0.0,0.004630538005729309,0.004591296158223129,7.848369501236118e-05,0.034611309500451284,0.029784562257191068,0.00019620923753090296
115,PULASKI,0.11914476905500244,0.1561938958707361,0.00016321201240411296,0.3146727599151298,0.3458462542843153,0.0006528480496164518,0.0026113921984658073,0.0026113921984658073,0.0,0.004406724334911049,0.004243512322506937,0.0,0.0006528480496164518,0.0006528480496164518,0.0,0.005712420434143953,0.006691692508568631,0.0,0.018932593438877102,0.016810837277623635,0.0
116,PUTNAM,0.08948491313623895,0.12063395306309052,0.000121914050594331,0.33898201767753733,0.3652544955806157,0.000731484303565986,0.001828710758914965,0.0026211520877781162,0.0,0.0068881438585797015,0.008168241389820178,0.0,0.0009143553794574825,0.0001828710758914965,0.0,0.00365742151782993,0.003047851264858275,0.0,0.030539469673879913,0.026638220054861324,0.00030478512648582747
117,QUITMAN,0.1671520093185789,0.25101921956901574,0.0,0.24228305183459523,0.262085032032615,0.0,0.0017472335468841002,0.0023296447291788003,0.0,0.0034944670937682005,0.004659289458357601,0.0,0.0034944670937682005,0.0052417006406523005,0.0,0.0029120559114735,0.0034944670937682005,0.0,0.027373325567850902,0.022714036109493303,0.0
118,RABUN,0.002531645569620253,0.003052866716306776,0.0,0.42583767684288903,0.4686522710349963,0.001340282948622487,0.0011169024571854058,0.0020104244229337304,0.0,0.00982874162323157,0.008562918838421444,0.0,0.000967982129560685,0.001340282948622487,0.0,0.0027550260610573344,0.002903946388682055,0.0,0.03611317944899479,0.03283693224125093,0.0001489203276247208
119,RANDOLPH,0.22105732768235556,0.32165960294445683,0.001115324559446799,0.19228195404862816,0.21057327682355564,0.0,0.001115324559446799,0.0008922596475574393,0.0,0.0017845192951148785,0.002453714030782958,0.0,0.0006691947356680794,0.0008922596475574393,0.0,0.002007584207004238,0.002007584207004238,0.0,0.020968101717599823,0.018737452598706225,0.0017845192951148785
120,RICHMOND,0.22334698109696116,0.29195357987929704,0.0026985350809560524,0.15248052535027784,0.17249355276101347,0.0007643633849998671,0.004712466434477441,0.006593465025390158,4.6526466913035384e-05,0.008740329141520219,0.010315582378432988,8.640629569563715e-05,0.001016935633956345,0.0011631616728258846,1.993991439130088e-05,0.009471459335867918,0.01273495865791083,0.00012628612447823892,0.050973067822295486,0.047915614282296015,0.0023462632600430703
121,ROCKDALE,0.2331207965761202,0.3006812822080531,0.0006696363583427956,0.1387166273619239,0.15286633475994993,0.00027658893061985036,0.005648237109500102,0.006987509826185693,1.455731213788686e-05,0.014149707398026028,0.015270620432643317,4.3671936413660584e-05,0.0011209130346172883,0.0010626837860657407,0.0,0.010131889247969254,0.012970565114857193,5.822924855154744e-05,0.04984423676012461,0.05587096398520977,0.0004949486126881533
122,SCHLEY,0.07178631051752922,0.1025041736227045,0.0,0.3662771285475793,0.3996661101836394,0.000667779632721202,0.001669449081803005,0.004340567612687813,0.0,0.004006677796327212,0.009682804674457429,0.0,0.000333889816360601,0.000333889816360601,0.0,0.003672787979966611,0.002337228714524207,0.000333889816360601,0.01669449081803005,0.015692821368948246,0.0
123,SCREVEN,0.15963466693140077,0.1976571031470267,9.927529038022436e-05,0.2583143055693438,0.28531718455276484,0.0006949270326615705,0.0014891293557033655,0.0014891293557033655,0.0,0.0026804328402660576,0.0019855058076044874,0.0,0.0004963764519011219,0.0009927529038022437,0.0,0.002481882259505609,0.0022833316787451603,0.0,0.04397895363843939,0.04030576789437109,9.927529038022436e-05
124,SEMINOLE,0.12783437397305292,0.18024975353269798,0.0,0.30381202760433784,0.3243509694380545,0.00016431153466973383,0.0013144922773578706,0.0013144922773578706,0.0,0.002793296089385475,0.004765034505422281,0.0,0.0004929346040092015,0.000821557673348669,0.0,0.0026289845547157412,0.003614853762734144,0.0,0.022674991784423268,0.023003614853762733,0.00016431153466973383
125,SPALDING,0.13317043372021992,0.18147016900834861,0.0003868865811443698,0.27371207493382205,0.30535532478110367,0.0005090612909794339,0.002239869680309509,0.003359804520464264,0.0,0.0080024434941967,0.009957238851557727,2.0362451639177357e-05,0.0009977601303196905,0.0009163103237629811,2.0362451639177357e-05,0.00600692323355732,0.006373447363062512,0.0,0.03490124210954999,0.0320097739767868,0.0005905110975361434
126,STEPHENS,0.04401729436891181,0.05214356409855707,0.0,0.3856331718497682,0.42220138563317183,0.0007292806167630359,0.0033338542480595926,0.003385945720685524,0.0,0.005157055789967183,0.005209147262593114,5.2091472625931135e-05,0.0009376465072667605,0.0009897379798926916,0.0,0.00411522633744856,0.005417513153096838,0.0,0.03490128665937386,0.031411157993436474,0.00036464030838151797
127,STEWART,0.25966494845360827,0.31443298969072164,0.0006443298969072165,0.1878221649484536,0.18621134020618557,0.00032216494845360824,0.0006443298969072165,0.001288659793814433,0.0,0.0028994845360824743,0.001288659793814433,0.0,0.0009664948453608248,0.0,0.0,0.003865979381443299,0.001288659793814433,0.00032216494845360824,0.01997422680412371,0.01836340206185567,0.0
128,SUMTER,0.19696887392036505,0.28426313216361565,0.00038024879135205606,0.21239611059807703,0.24004562985496225,0.0005432125590743659,0.002879026563094139,0.0035852028898908143,0.0,0.005486446846651095,0.007116084523874192,0.0,0.0002716062795371829,0.0002716062795371829,0.0,0.0034765603780759413,0.003748166657613124,0.0,0.020424792221196156,0.01792601444945407,0.00021728502362974633
129,TALBOT,0.22811108755564977,0.29785880856476576,0.0,0.20012719949120203,0.21369514521941912,0.0,0.00042399830400678397,0.0012719949120203519,0.0,0.002967988128047488,0.004027983888064448,0.0,0.0006359974560101759,0.00105999576001696,0.0,0.0033919864320542717,0.004027983888064448,0.00042399830400678397,0.025439898240407037,0.016535933856264576,0.0
130,TALIAFERRO,0.2796875,0.26796875,0.0,0.2015625,0.196875,0.0,0.0,0.00078125,0.0,0.00546875,0.00234375,0.0,0.0,0.0,0.0,0.00390625,0.003125,0.0,0.02265625,0.01484375,0.00078125
131,TATTNALL,0.08252770572978071,0.10650003929890749,0.0004715868898844612,0.31462705336791635,0.3540045586732689,0.0009431737797689225,0.001493358484634127,0.0022793366344415625,0.0,0.013518824176687889,0.018391888705493988,7.859781498074354e-05,0.0007073803348266918,0.0005501847048652047,0.0,0.004401477638921638,0.004322879823940895,0.0,0.051009981922502556,0.04354318949933192,0.0006287825198459483
132,TAYLOR,0.1469246212812557,0.19492608140171563,0.0005475451724767294,0.2819857638255156,0.29859463405730974,0.0009125752874612155,0.001642635517430188,0.0010950903449534588,0.0,0.003285271034860376,0.005110421609782807,0.0,0.0001825150574922431,0.0003650301149844862,0.0,0.0021901806899069175,0.0021901806899069175,0.0,0.03230516517612703,0.027559773681328708,0.0001825150574922431
133,TELFAIR,0.1378562577447336,0.17874845105328377,0.00046468401486988845,0.29011771995043373,0.31675960346964066,0.00046468401486988845,0.0018587360594795538,0.0010842627013630732,0.0,0.0030978934324659233,0.0040272614622057,0.00015489467162329616,0.0010842627013630732,0.0007744733581164808,0.0,0.0032527881040892194,0.0027881040892193307,0.0,0.02973977695167286,0.02664188351920694,0.0010842627013630732
134,TERRELL,0.24060150375939848,0.3107287449392713,0.0010121457489878543,0.18363215731636784,0.18970503181029497,0.000578368999421631,0.0021688837478311164,0.0010121457489878543,0.0,0.0018796992481203006,0.0031810294968189707,0.0,0.000578368999421631,0.000578368999421631,0.0,0.003903990746096009,0.0031810294968189707,0.0,0.02891844997108155,0.02819548872180451,0.00014459224985540774
135,THOMAS,0.13058950951570478,0.18561039764815102,0.000278508432616432,0.27559956676466035,0.3153643818660065,0.0008045799164474702,0.0031564289029862294,0.0031564289029862294,0.0,0.004146681107844654,0.005879622466346898,0.0,0.0009593068234565991,0.0009283614420547734,0.0,0.0037753365310227447,0.004115735726442828,0.0,0.03255454123472072,0.03286399504873898,0.00021661766981278044
136,TIFT,0.11620595790361538,0.16194456159184142,0.0007667829620825826,0.2842081048959092,0.3309051872867385,0.0007667829620825826,0.004485680328183108,0.004485680328183108,3.8339148104129126e-05,0.019476287236897597,0.02058812253191734,0.0001533565924165165,0.0004600697772495495,0.0004984089253536787,0.0,0.004102288847141817,0.0052908024383698194,3.8339148104129126e-05,0.02273511482574857,0.022083349307978378,0.0007667829620825826
137,TOOMBS,0.0944019471488178,0.13363467779323135,0.0002318034306907742,0.2934051923968475,0.3435906351414001,0.0008692628650904034,0.002375985164580436,0.0025498377375985167,0.0,0.013734353268428373,0.016689847009735744,5.795085767269355e-05,0.0004056560037088549,0.0003477051460361613,0.0,0.0038247566063977748,0.006780250347705146,0.0,0.04659248956884562,0.04015994436717663,0.0003477051460361613
138,TOWNS,0.0017410427929991754,0.002290845780262073,0.0,0.43141207733895354,0.4900577293136626,0.0007330706496838633,0.0013745074681572437,0.0016494089617886923,0.0,0.0032988179235773846,0.005589663703839457,9.163383121048291e-05,0.0009163383121048291,0.00036653532484193165,0.0,0.004306790066892697,0.003940254742050765,0.0,0.026940346375881975,0.025290937414093283,0.0
139,TREUTLEN,0.12436266903125692,0.1695854577698958,0.0,0.3192196852139215,0.3294169807138107,0.0004433606739082243,0.0011084016847705607,0.001330082021724673,0.0,0.002438483706495234,0.0019951230325870096,0.0,0.00022168033695411216,0.0008867213478164486,0.0,0.0008867213478164486,0.0022168033695411215,0.0,0.02460651740190645,0.020616271336732432,0.0006650410108623365
140,TROUP,0.1330862028327155,0.1875977629689944,0.0003428400008571,0.2730077781825194,0.31417000578542503,0.0006213975015534937,0.004478347511195869,0.004349782510874456,2.142750005356875e-05,0.005014035012535088,0.005571150013927875,8.5710000214275e-05,0.0005785425014463563,0.0005571150013927875,0.0,0.004649767511624419,0.005421157513552894,0.00010713750026784375,0.03203411258008528,0.027662902569157256,0.0006428250016070625
141,TURNER,0.15673175745118192,0.21223021582733814,0.00017129153819801302,0.26772867420349433,0.29684823569715657,0.00034258307639602604,0.0020554984583761563,0.0027406646111682084,0.0,0.006337786913326482,0.006337786913326482,0.0,0.0010277492291880781,0.0008564576909900651,0.0,0.003083247687564234,0.0027406646111682084,0.0,0.022781774580335732,0.01764302843439534,0.00034258307639602604
142,TWIGGS,0.19017554665845396,0.21388974437942718,0.0001539882968894364,0.2520788420080074,0.26408992916538343,0.0003079765937788728,0.000769941484447182,0.0018478595626732369,0.0,0.0029257776408992916,0.004619648906683092,0.0,0.0012319063751154912,0.000769941484447182,0.0,0.004927625500461965,0.004311672312904219,0.0,0.031105635971666153,0.02617801047120419,0.0006159531875577456
143,UNION,0.001518045149600901,0.0009793839674844523,4.896919837422261e-05,0.4311248224866559,0.47911463689339406,0.0006855687772391166,0.0016159835463493463,0.0023505215219626853,0.0,0.0041623818618089226,0.005631457813035601,0.0,0.0008814455707360071,0.0003427843886195583,0.0,0.004260320258557367,0.004750012242299593,0.0,0.03207482493511581,0.03011605700014691,0.0003427843886195583
144,UPSON,0.10756140632525285,0.1498367849307005,0.00048161823727725157,0.30507839674640125,0.34446406592818535,0.0005886445122277519,0.0018194466741585059,0.0020334992240595064,0.0,0.002515117461336758,0.0032107882485150102,0.0,0.0008026970621287526,0.00048161823727725157,0.0,0.0036388933483170118,0.004281050998020014,0.0,0.039064590356932626,0.03371327660940761,0.0004281050998020014
145,WALKER,0.01416894908236106,0.01794302227781492,2.1566132545450625e-05,0.3897215812288382,0.4462679807630098,0.0007332485065453212,0.0015311954107269943,0.0017468567361815005,0.0,0.003040824688908538,0.003558411869999353,0.0,0.0007332485065453212,0.000862645301818025,0.0,0.00310552308654489,0.004205395846362872,0.0,0.05846578533071664,0.05357027324289935,0.00032349198818175937
146,WALTON,0.06574787523779545,0.08400509121764956,0.00023266317215706132,0.327480257845539,0.3604910561539409,0.000588500964867861,0.004776438063694965,0.004352169926232089,5.474427580166149e-05,0.008854886610918745,0.009977144264852807,4.105820685124612e-05,0.001135943722884476,0.0008348502059753377,1.3686068950415372e-05,0.005843951441827364,0.007171500130017655,8.211641370249224e-05,0.05982180738226559,0.05808367662556284,0.00041058206851246116
147,WARE,0.09903151002591734,0.15100259173373345,0.00018187605147092255,0.29741281316782614,0.34942936388851,0.0007275042058836902,0.0025007957077251854,0.003137361887873414,0.0,0.00491065338971491,0.005729095621334061,0.0,0.001136725321693266,0.000636566180148229,0.0,0.003137361887873414,0.005865502659937253,0.0,0.039921793297867506,0.03482926385668167,0.0004092211158095758
148,WARREN,0.23770700636942677,0.30828025477707005,0.001019108280254777,0.19006369426751593,0.20127388535031848,0.0,0.0007643312101910828,0.0015286624203821656,0.0,0.0012738853503184713,0.0017834394904458599,0.0,0.0007643312101910828,0.0007643312101910828,0.0,0.0035668789808917197,0.003057324840764331,0.0,0.02980891719745223,0.018343949044585986,0.0
149,WASHINGTON,0.19751432611446007,0.2812383716603408,0.00022326412145568208,0.21463124209272902,0.24343231376051203,0.00022326412145568208,0.0014140061025526532,0.0011163206072784104,0.0,0.0016372702240083352,0.0023070625883753813,0.0,0.0007442137381856069,7.442137381856069e-05,0.0,0.002381483962193942,0.002381483962193942,0.0,0.027982436555778818,0.022698519014661012,0.0
150,WAYNE,0.06461458872219349,0.09348163476461459,0.0,0.3419555095706156,0.39218830832902224,0.0005173305742369374,0.0019141231246766683,0.002793585100879462,0.0,0.00719089498189343,0.009105018106570098,5.173305742369374e-05,0.0005690636316606311,0.0009311950336264873,0.0,0.0037247801345059494,0.004086911536471806,0.0,0.040300051733057424,0.03652353854112778,5.173305742369374e-05
151,WEBSTER,0.19897084048027444,0.23956546598056033,0.0005717552887364208,0.24585477415666096,0.27215551743853633,0.0005717552887364208,0.0005717552887364208,0.0017152658662092624,0.0,0.002287021154945683,0.003430531732418525,0.0005717552887364208,0.0005717552887364208,0.0,0.0,0.004002287021154946,0.004574042309891366,0.0,0.009719839908519153,0.014865637507146942,0.0
152,WHEELER,0.12099430967355496,0.14405510631925728,0.0,0.3246480982330039,0.347109913147649,0.0002994908655286014,0.0,0.0005989817310572028,0.0,0.004492362982929021,0.003893381251871818,0.0,0.0002994908655286014,0.0002994908655286014,0.0,0.002994908655286014,0.0020964360587002098,0.0,0.026355196166516923,0.0218628331835879,0.0
153,WHITE,0.0062534741523068375,0.005419677598665925,0.0,0.4313507504168983,0.4659533073929961,0.0005095423383361127,0.0014359829534926812,0.0018065591995553086,4.632203075782842e-05,0.004307948860478044,0.0048638132295719845,0.0,0.0009264406151565684,0.0014359829534926812,0.0,0.00324254215304799,0.0030109319992588477,0.0,0.03627015008337966,0.033073929961089495,9.264406151565684e-05
154,WHITFIELD,0.018589686299043704,0.02071677540441505,1.78746983644651e-05,0.32083296094378405,0.3665028152649924,0.0009294843149521852,0.004254178210742694,0.005165787827330414,1.78746983644651e-05,0.07618196442935025,0.08045401733845742,0.0002859951738314416,0.0009116096165877201,0.0006971132362141389,0.0,0.005648404683170971,0.006488515506300831,3.57493967289302e-05,0.04776119402985075,0.04413263026186433,0.0003753686656537671
155,WILCOX,0.11949685534591195,0.15681341719077568,0.0,0.32075471698113206,0.35471698113207545,0.00020964360587002095,0.0018867924528301887,0.002306079664570231,0.0,0.004821802935010482,0.005450733752620545,0.0,0.0008385744234800838,0.00020964360587002095,0.0,0.0031446540880503146,0.0027253668763102725,0.0,0.01509433962264151,0.011320754716981131,0.00020964360587002095
156,WILKES,0.16066676005042724,0.21417565485362094,0.0008404538450763413,0.26530326376243174,0.28239249194565064,0.00014007564084605686,0.0025213615352290236,0.002381285894382967,0.0,0.003501891021151422,0.003361815380305365,0.0,0.0009805294859223982,0.0009805294859223982,0.0,0.0028015128169211374,0.0049026474296119905,0.0,0.0305364897044404,0.023952934584675727,0.0005603025633842274
157,WILKINSON,0.1714839094159714,0.2169249106078665,0.0005959475566150178,0.2687723480333731,0.284564958283671,0.0004469606674612634,0.0005959475566150178,0.0016388557806912992,0.0,0.0010429082240762813,0.002234803337306317,0.0,0.0005959475566150178,0.0008939213349225268,0.0,0.002532777115613826,0.0032777115613825984,0.0,0.022497020262216925,0.021901072705601907,0.0
158,WORTH,0.10762735326688815,0.13870431893687707,0.0002768549280177187,0.33008028792912514,0.35243632336655595,0.0005537098560354374,0.0006921373200442968,0.0016611295681063123,0.0,0.0029069767441860465,0.0031146179401993356,0.0,0.0004152823920265781,0.0006229235880398671,0.0,0.0031146179401993356,0.0027685492801771874,0.0,0.030730897009966777,0.023947951273532667,0.0003460686600221484
